Year,Country,Region,Song language,Artist gender,Group Solo,Place,Points,Host Country,Host region,Home Away Country,Home Away Region,Approximate Betting Prices,Albania,Andorra,Armenia,Austria,Azerbaijan,Belarus,Belgium,Bosnia and Herzegovina,Bulgaria,Croatia,Cyprus,Czech Republic,Denmark,Estonia,Finland,France,Georgia,Germany,Greece,Hungary,Iceland,Ireland,Israel,Latvia,Lithuania,Macedonia,Malta,Moldova,Monaco,Montenegro,Netherlands,Norway,Poland,Portugal,Romania,Russia,San Marino,Serbia,Serbia   Montenegro,Slovakia,Slovenia,Spain,Sweden,Switzerland,Turkey,Ukraine,United Kingdom
2008,Romania,Former Socialist Bloc,"Romanian, Italian",2,2,20,45,Serbia,Former Yugoslavia,Away,Away,95,0,0,0,,0,0,0,0,0,0,3,0,0,0,0,4,0,0,0,0,0,3,6,0,0,0,0,12,,0,0,0,0,4,,0,1,0,,,0,12,0,0,0,0,0
2008,United Kingdom,Independent,English,4,3,25,14,Serbia,Former Yugoslavia,Away,Away,265,0,0,0,,0,0,0,0,0,0,0,0,0,0,0,0,0,0,0,0,0,8,0,0,0,0,0,0,,0,0,0,0,0,0,0,6,0,,,0,0,0,0,0,0,
2008,Albania,Former Socialist Bloc,Albanian,3,3,17,43,Serbia,Former Yugoslavia,Away,Away,270,,0,0,,1,0,0,1,0,8,0,0,0,0,0,0,0,0,10,0,0,0,0,0,0,12,0,0,,7,0,0,0,0,0,0,3,0,,,4,0,0,8,1,0,0
2008,Germany,Western Europe,English,3,2,23,14,Serbia,Former Yugoslavia,Away,Away,348,0,0,0,,0,0,0,0,12,0,0,0,0,0,0,0,0,,0,0,0,0,0,0,0,0,0,0,,0,0,0,0,0,0,0,0,0,,,0,0,0,2,0,0,0
2008,Armenia,Former Socialist Bloc,"English, Armenian",3,3,4,198,Serbia,Former Yugoslavia,Away,Away,14,2,0,,,0,7,12,6,8,0,10,12,0,0,0,12,12,6,12,0,1,0,8,0,0,1,0,2,,1,12,0,12,0,4,12,8,5,,,5,10,2,0,10,7,0
2008,Bosnia and Herzegovina,Former Yugoslavia,Bosnian,4,3,10,105,Serbia,Former Yugoslavia,Away,Home,29,0,0,0,,3,0,0,,0,12,0,1,2,0,6,2,0,5,0,0,0,2,0,0,0,5,0,0,,10,7,10,0,0,0,0,0,12,,,10,0,10,7,6,0,0
2008,Israel,Independent,"Hebrew, English",4,3,9,124,Serbia,Former Yugoslavia,Away,Away,120,4,0,6,,7,4,5,5,2,2,2,0,0,0,8,6,3,3,1,3,0,0,,0,3,0,0,6,,5,3,3,5,0,6,6,10,7,,,3,0,0,1,0,5,0
2008,Finland ,Scandinavia,Finnish,4,2,22,35,Serbia,Former Yugoslavia,Away,Away,31,0,4,0,,0,0,0,0,0,0,0,0,0,10,,0,0,0,0,0,7,0,0,1,0,0,0,0,,0,0,4,2,0,0,0,0,0,,,0,0,7,0,0,0,0
2008,Croatia,Former Yugoslavia,Croatian,2,2,21,42,Serbia,Former Yugoslavia,Away,Home,248,0,0,2,,0,0,0,10,0,,0,0,0,0,0,0,1,2,0,0,0,0,0,5,0,2,0,0,,2,0,0,0,3,1,1,0,3,,,8,0,0,3,0,1,0
2008,Poland,Former Socialist Bloc,English,3,3,24,14,Serbia,Former Yugoslavia,Away,Away,208,0,0,0,,0,0,0,0,0,0,0,0,0,0,0,0,0,0,0,0,0,10,0,0,0,0,0,0,,0,0,0,,0,0,0,0,0,,,0,0,0,0,0,0,4
2008,Iceland,Scandinavia,English,2,2,14,64,Serbia,Former Yugoslavia,Away,Away,105,0,0,0,,0,0,0,0,0,0,0,0,12,0,7,0,0,0,0,0,,0,4,2,0,0,6,0,,0,0,8,0,7,0,0,0,0,,,0,4,8,0,0,0,6
2008,Turkey,Independent,Turkish,4,2,7,131,Serbia,Former Yugoslavia,Away,Away,34,10,0,0,,12,3,10,8,5,0,0,0,4,0,4,10,6,10,0,5,0,0,0,0,0,7,0,0,,0,10,2,0,0,8,2,4,0,,,0,0,0,6,,4,8
2008,Portugal,Western Europe,Portuguese,3,3,13,69,Serbia,Former Yugoslavia,Away,Away,59,0,10,0,,0,0,6,0,0,3,0,0,0,0,0,8,0,4,0,0,6,0,0,0,0,0,0,0,,0,5,0,0,,0,0,5,1,,,0,8,0,10,0,3,0
2008,Latvia,Former Socialist Bloc,English,2,2,12,83,Serbia,Former Yugoslavia,Away,Away,62,0,2,0,,0,0,0,0,0,4,0,3,6,7,0,0,2,0,0,0,4,12,0,,10,0,7,0,,3,0,0,0,8,0,0,0,0,,,0,2,3,0,0,0,10
2008,Sweden,Scandinavia,English,3,3,18,47,Serbia,Former Yugoslavia,Away,Away,16,3,0,0,,0,0,0,0,0,0,1,0,8,2,5,0,0,0,0,1,3,0,1,0,1,0,12,0,,0,0,7,0,0,0,0,0,2,,,0,1,,0,0,0,0
2008,Denmark,Scandinavia,English,4,3,15,60,Serbia,Former Yugoslavia,Away,Away,106,0,0,0,,0,0,0,0,0,0,0,2,,3,0,0,0,0,0,2,12,1,0,7,2,0,4,0,,0,0,12,0,5,0,0,2,0,,,0,0,5,0,0,0,3
2008,Georgia,Former Socialist Bloc,English,3,3,11,83,Serbia,Former Yugoslavia,Away,Away,84,0,0,10,,4,6,0,0,0,0,7,4,0,5,0,0,,0,4,0,0,0,2,8,5,0,5,3,,0,0,0,0,1,0,7,0,0,,,0,0,0,0,4,8,0
2008,Ukraine,Former Socialist Bloc,English,3,3,2,226,Serbia,Former Yugoslavia,Away,Away,5,8,6,5,,10,10,1,3,7,7,6,8,7,4,3,0,10,0,6,6,5,6,10,10,6,4,10,7,,4,0,0,10,12,3,8,0,6,,,2,7,0,0,8,,5
2008,France,Western Europe,"English, French",4,3,19,47,Serbia,Former Yugoslavia,Away,Away,91,0,3,4,,0,0,0,0,0,0,0,0,5,6,2,,0,0,0,0,8,0,0,3,8,0,0,0,,0,0,1,1,0,0,0,0,0,,,0,0,4,0,0,0,2
2008,Azerbaijan,Former Socialist Bloc,English,2,2,8,124,Serbia,Former Yugoslavia,Away,Away,90,0,7,0,,,8,7,0,3,0,0,10,0,0,0,0,7,1,3,12,0,0,3,4,7,8,0,8,,0,2,0,7,0,2,10,0,0,,,1,0,0,0,12,10,0
2008,Greece,Western Europe,English,3,3,3,215,Serbia,Former Yugoslavia,Away,Away,9,12,8,8,,6,2,8,7,10,5,12,5,3,1,0,3,4,12,,8,0,4,5,0,0,3,2,4,,6,6,0,3,0,12,3,12,8,,,6,3,1,5,7,2,12
2008,Spain,Western Europe,"Spanish, English",4,3,16,55,Serbia,Former Yugoslavia,Away,Away,43,1,12,1,,0,0,4,0,0,0,4,0,1,0,1,5,0,0,8,0,0,0,0,0,0,0,0,0,,0,0,0,0,10,0,0,0,0,,,0,,0,4,3,0,1
2008,Serbia,Former Yugoslavia,Serbian,3,3,6,150,Serbia,Former Yugoslavia,Home,Home,11,5,0,3,,2,1,0,12,4,10,5,6,0,0,0,7,0,8,5,7,2,0,0,0,0,10,1,1,,12,8,6,4,0,7,4,0,,,,12,0,6,12,0,0,0
2008,Russia,Former Socialist Bloc,English,4,3,1,266,Serbia,Former Yugoslavia,Away,Away,3,6,5,12,,8,12,3,4,6,6,8,7,0,12,10,1,8,7,7,10,0,5,12,12,12,6,8,10,,8,1,5,6,6,10,,0,10,,,7,5,0,0,5,12,0
2008,Norway,Scandinavia,English,3,3,5,182,Serbia,Former Yugoslavia,Away,Away,48,7,1,7,,5,5,2,2,1,1,0,0,10,8,12,0,5,0,2,4,10,7,7,6,4,0,3,5,,0,4,,8,2,5,5,7,4,,,0,6,12,0,2,6,7
2007,Bosnia and Herzegovina,Former Yugoslavia,Bosnian,3,3,11,106,Finland,Scandinavia,Away,Away,188,8,0,1,8,,0,0,,0,10,0,4,7,0,0,1,0,3,0,0,0,0,0,0,0,4,0,0,,7,7,6,0,0,0,0,,8,,,8,0,6,8,10,0,0
2007,Spain,Western Europe,"Spanish, English",4,2,20,43,Finland,Scandinavia,Away,Away,125,12,0,0,0,,0,3,0,0,0,0,0,0,0,0,6,0,0,1,0,0,0,2,0,0,0,2,0,,4,0,0,0,8,0,0,,0,,,0,,0,5,0,0,0
2007,Belarus,Former Socialist Bloc,English,4,3,6,145,Finland,Scandinavia,Away,Away,11,2,0,10,0,,,0,4,1,0,6,2,0,7,0,0,8,0,5,4,4,0,12,8,7,7,10,10,,3,0,0,7,1,1,12,,2,,,0,0,0,0,0,12,0
2007,Ireland,Independent,English,2,2,24,5,Finland,Scandinavia,Away,Away,100,5,0,0,0,,0,0,0,0,0,0,0,0,0,0,0,0,0,0,0,0,,0,0,0,0,0,0,,0,0,0,0,0,0,0,,0,,,0,0,0,0,0,0,0
2007,Finland ,Scandinavia,English,3,3,17,53,Finland,Scandinavia,Away,Home,68,0,7,0,0,,1,0,0,0,0,0,0,4,6,,0,0,1,0,0,12,0,0,0,5,0,0,0,,0,0,4,0,0,0,0,,0,,,0,0,12,1,0,0,0
2007,Macedonia,Former Yugoslavia,"Macedonian, English",3,3,14,73,Finland,Scandinavia,Away,Away,95,3,0,0,1,,0,0,8,10,8,0,5,0,0,0,0,1,0,0,0,0,0,0,0,0,,0,0,,10,0,0,0,0,0,0,,10,,,10,0,0,6,1,0,0
2007,Slovenia,Former Yugoslavia,Slovene,3,3,15,66,Finland,Scandinavia,Away,Away,64,0,0,0,0,,4,2,7,0,7,0,0,0,0,0,0,0,0,0,0,0,0,0,4,1,6,5,0,,8,0,0,4,3,0,3,,5,,,,3,0,0,0,4,0
2007,Hungary,Former Socialist Bloc,English,3,3,9,128,Finland,Scandinavia,Away,Away,55,0,6,0,2,,0,5,0,0,4,0,0,8,4,10,0,5,7,0,,8,5,0,5,4,0,1,0,,0,4,8,2,2,8,0,,12,,,5,0,8,3,0,0,2
2007,Lithuania,Former Socialist Bloc,English,2,2,21,28,Finland,Scandinavia,Away,Away,274,0,1,0,0,,2,0,0,0,0,0,0,0,0,0,0,0,0,0,0,0,12,0,10,,0,0,0,,0,0,0,0,0,0,0,,0,,,0,0,0,0,0,0,3
2007,Greece,Western Europe,English,4,3,7,139,Finland,Scandinavia,Away,Away,29,7,0,8,0,,3,8,3,12,0,12,3,1,0,0,3,4,10,,7,5,0,1,0,0,3,0,6,,0,5,0,0,0,10,0,,4,,,0,2,4,4,4,0,10
2007,Georgia,Former Socialist Bloc,English,3,3,12,97,Finland,Scandinavia,Away,Away,51,0,0,5,0,,6,6,1,0,2,1,1,0,5,7,0,,0,3,2,0,1,6,6,12,0,0,4,,0,2,0,5,0,0,7,,0,,,2,0,0,0,5,8,0
2007,Sweden,Scandinavia,English,4,2,18,51,Finland,Scandinavia,Away,Home,11,0,2,0,0,,0,0,0,0,0,0,0,12,0,8,0,0,0,0,0,10,0,0,0,0,0,0,0,,0,0,12,0,0,0,0,,0,,,0,0,,0,0,0,7
2007,France,Western Europe,"French, English (""Franglais"")",4,2,22,19,Finland,Scandinavia,Away,Away,144,4,8,2,0,,0,0,0,0,0,0,0,0,2,0,,0,0,0,0,0,0,0,0,3,0,0,0,,0,0,0,0,0,0,0,,0,,,0,0,0,0,0,0,0
2007,Latvia,Former Socialist Bloc,Italian,4,2,16,54,Finland,Scandinavia,Away,Away,18,0,0,0,0,,0,0,0,0,1,0,0,0,10,0,0,0,0,0,0,0,10,0,,10,0,4,0,,0,3,3,1,0,2,0,,0,,,6,0,0,0,0,0,4
2007,Russia,Former Socialist Bloc,English,3,2,3,207,Finland,Scandinavia,Away,Away,7,0,3,12,0,,12,0,2,5,3,7,6,2,12,3,2,7,6,8,6,1,6,8,7,6,5,6,8,,6,0,5,3,4,3,,,7,,,3,4,5,0,8,10,6
2007,Germany,Western Europe,"German, English",4,3,19,49,Finland,Scandinavia,Away,Away,84,6,5,0,7,,0,0,0,0,0,0,0,5,3,1,0,0,,0,0,2,0,0,0,0,0,0,0,,0,6,0,0,0,0,0,,0,,,0,5,1,7,0,0,1
2007,Serbia,Former Yugoslavia,Serbian,3,3,1,268,Finland,Scandinavia,Away,Away,3,1,0,7,12,,7,7,12,6,12,3,8,6,0,12,8,6,8,4,12,7,4,3,3,0,12,8,5,,12,8,10,8,5,6,5,,,,,12,1,10,12,0,6,0
2007,Ukraine,Former Socialist Bloc,"Ukrainian, German, English",4,3,2,235,Finland,Scandinavia,Away,Away,6,0,12,6,4,,10,1,5,3,5,4,12,3,8,6,4,10,5,7,3,6,8,10,12,8,2,3,7,,2,1,2,12,12,4,8,,3,,,4,7,3,2,3,,8
2007,United Kingdom,Independent,English,2,2,23,19,Finland,Scandinavia,Away,Away,66,0,0,0,0,,0,0,0,0,0,0,0,0,0,0,0,0,0,0,0,0,7,0,0,0,0,12,0,,0,0,0,0,0,0,0,,0,,,0,0,0,0,0,0,
2007,Romania,Former Socialist Bloc,"English, Italian, Spanish,",4,2,13,84,Finland,Scandinavia,Away,Away,60,0,10,0,3,,0,0,0,2,0,5,0,0,0,0,7,0,0,2,8,0,3,7,1,0,0,0,12,,0,0,0,0,7,,1,,0,,,0,12,0,0,2,2,0
2007,Bulgaria,Former Socialist Bloc,"Russian, French, Romanian",2,2,5,157,Finland,Scandinavia,Away,Away,18,0,0,4,6,,0,4,6,,6,10,7,0,1,5,5,0,4,12,10,0,0,0,2,0,8,7,3,,5,0,0,0,6,5,4,,6,,,7,10,0,0,6,3,5
2007,Turkey,Independent,English,4,3,4,163,Finland,Scandinavia,Away,Away,54,10,0,0,10,,0,12,10,7,0,0,0,10,0,4,12,2,12,0,1,3,0,0,0,0,10,0,1,,1,12,7,0,0,7,2,,0,,,0,0,7,10,,1,12
2007,Armenia,Former Socialist Bloc,"English, Armenian",4,3,8,138,Finland,Scandinavia,Away,Away,132,0,0,,5,,5,10,0,8,0,8,10,0,0,0,10,12,2,6,0,0,0,5,0,0,0,0,2,,0,10,0,10,0,0,10,,0,,,0,8,0,0,12,5,0
2007,Moldova,Former Socialist Bloc,English,3,3,10,107,Finland,Scandinavia,Away,Away,41,0,4,3,0,,6,0,0,4,0,2,0,0,0,2,0,3,0,10,5,0,2,4,0,2,1,0,,,0,0,1,6,10,12,6,,1,,,1,6,2,0,7,7,0
2006,Switzerland,Western Europe,English,2,2,16,30,Greece,Western Europe,Away,Home,130,0,0,0,,,0,0,4,0,0,0,,0,0,0,0,,0,0,,0,0,4,0,0,0,12,0,6,,3,0,0,1,0,0,,,0,,0,0,0,,0,0,0
2006,Moldova,Former Socialist Bloc,English,2,2,20,22,Greece,Western Europe,Away,Away,356,0,0,0,,,0,0,0,0,0,0,,0,0,0,0,,0,1,,0,0,0,0,0,0,0,,0,,0,0,0,3,12,3,,,0,,0,2,0,0,1,0,0
2006,Israel,Independent,"English, Hebrew",4,3,23,4,Greece,Western Europe,Away,Away,494,0,0,0,,,0,0,0,0,0,0,,0,0,0,4,,0,0,,0,0,,0,0,0,0,0,0,,0,0,0,0,0,0,,,0,,0,0,0,0,0,0,0
2006,Latvia,Former Socialist Bloc,English,4,2,16,30,Greece,Western Europe,Away,Away,164,0,0,0,,,0,0,0,0,0,0,,0,3,0,0,,0,0,,0,4,0,,8,0,0,0,8,,0,0,0,0,0,1,,,0,,0,0,0,0,0,4,2
2006,Norway,Scandinavia,Norwegian,3,3,14,36,Greece,Western Europe,Away,Away,38,0,0,1,,,1,0,0,0,0,0,,1,0,5,0,,0,2,,4,0,0,6,0,0,0,3,1,,0,,0,0,0,7,,,0,,0,0,2,0,0,3,0
2006,Spain,Western Europe,Spanish,3,2,21,18,Greece,Western Europe,Away,Home,306,6,12,0,,,0,0,0,0,0,0,,0,0,0,0,,0,0,,0,0,0,0,0,0,0,0,0,,0,0,0,0,0,0,,,0,,0,,0,0,0,0,0
2006,Malta,Western Europe,English,4,3,24,1,Greece,Western Europe,Away,Home,187,1,0,0,,,0,0,0,0,0,0,,0,0,0,0,,0,0,,0,0,0,0,0,0,,0,0,,0,0,0,0,0,0,,,0,,0,0,0,0,0,0,0
2006,Germany,Western Europe,English,2,2,14,36,Greece,Western Europe,Away,Home,24,5,0,0,,,0,1,0,0,0,3,,3,0,0,0,,,0,,0,3,0,3,0,0,0,0,0,,0,1,0,0,0,0,,,0,,0,5,0,7,0,0,5
2006,Denmark,Scandinavia,English,3,3,18,26,Greece,Western Europe,Away,Away,89,0,0,0,,,0,0,0,0,0,0,,,1,3,0,,0,0,,8,0,0,0,0,0,0,0,0,,0,6,0,0,0,0,,,0,,0,0,8,0,0,0,0
2006,Russia,Former Socialist Bloc,English,4,3,2,248,Greece,Western Europe,Away,Away,18,4,6,12,,,12,3,6,10,7,2,,2,10,12,2,,6,8,,5,5,12,12,12,8,5,10,0,,8,3,10,7,8,,,,5,,4,7,7,0,5,12,1
2006,Macedonia,Former Yugoslavia,"English, Macedonian",3,3,12,56,Greece,Western Europe,Away,Away,68,3,0,7,,,0,0,8,6,8,0,,0,0,0,0,,0,0,,0,0,0,0,0,,0,0,0,,0,0,0,0,0,0,,,8,,6,0,0,4,6,0,0
2006,Romania,Former Socialist Bloc,"English, Italian",4,3,4,176,Greece,Western Europe,Away,Away,8,0,5,3,,,3,10,2,2,7,10,,6,4,7,1,,5,6,,3,5,10,2,1,2,10,12,2,,4,4,3,3,,4,,,2,,4,12,6,1,3,6,6
2006,Bosnia and Herzegovina,Former Yugoslavia,Bosnian,4,2,3,229,Greece,Western Europe,Away,Away,10,12,0,5,,,4,6,,7,12,8,,8,0,10,6,,7,6,,3,2,2,0,4,12,0,5,12,,2,8,4,2,7,6,,,12,,12,1,10,12,12,10,0
2006,Lithuania,Former Socialist Bloc,"English, French",4,2,6,162,Greece,Western Europe,Away,Away,90,0,7,0,,,6,4,0,1,6,6,,7,8,8,0,,1,4,,10,12,3,10,,3,1,4,7,,4,5,8,4,0,5,,,3,,3,4,3,0,0,5,10
2006,United Kingdom,Independent,English,4,3,19,25,Greece,Western Europe,Away,Away,28,0,2,0,,,0,0,0,0,1,0,,4,2,0,0,,0,0,,0,8,0,1,0,0,3,0,0,,1,2,1,0,0,0,,,0,,0,0,0,0,0,0,
2006,Greece,Western Europe,English,3,3,9,128,Greece,Western Europe,Home,Home,6,8,1,8,,,2,10,1,12,0,5,,0,0,1,5,,8,,,0,0,0,0,3,7,8,1,0,,12,0,0,0,10,0,,,6,,0,0,4,5,4,0,7
2006,Finland ,Scandinavia,English,4,2,1,292,Greece,Western Europe,Away,Away,3,0,10,0,,,7,8,7,5,10,7,,12,12,,8,,10,12,,12,10,7,8,10,6,7,6,0,,5,12,12,6,4,8,,,7,,8,10,12,8,7,7,12
2006,Ukraine,Former Socialist Bloc,English,3,3,7,145,Greece,Western Europe,Away,Away,38,0,5,10,,,10,0,5,3,4,1,,0,5,2,0,,0,5,,6,1,6,5,7,5,2,8,2,,6,0,6,12,3,10,,,2,,2,3,1,0,8,,0
2006,France,Western Europe,French,3,3,22,5,Greece,Western Europe,Away,Home,397,0,0,2,,,0,0,0,0,0,0,,0,0,0,,,0,0,,0,0,0,0,0,0,0,0,3,,0,0,0,0,0,0,,,0,,0,0,0,0,0,0,0
2006,Croatia,Former Yugoslavia,Croatian,3,3,12,56,Greece,Western Europe,Away,Away,59,0,0,0,,,0,0,12,0,,0,,0,0,0,0,,2,0,,0,0,0,0,0,10,0,0,4,,0,0,0,0,0,0,,,10,,10,0,0,6,2,0,0
2006,Ireland,Independent,English,4,3,10,93,Greece,Western Europe,Away,Away,48,0,4,3,,,0,0,0,0,2,4,,5,6,4,1,,4,0,,1,,0,4,6,0,4,0,10,,0,7,2,5,2,0,,,0,,1,0,5,3,0,2,8
2006,Sweden,Scandinavia,English,3,3,5,170,Greece,Western Europe,Away,Away,5,10,8,6,,,5,5,3,0,3,0,,10,7,7,3,,0,0,,7,7,5,7,5,1,6,2,5,,0,10,7,8,5,2,,,1,,7,6,,2,0,6,4
2006,Turkey,Independent,"Turkish, English",3,3,11,91,Greece,Western Europe,Away,Away,139,7,0,0,,,0,7,10,4,0,12,,0,0,0,12,,12,3,,0,0,1,0,0,4,0,0,0,,0,0,0,0,6,0,,,0,,0,0,0,10,,0,3
2006,Armenia,Former Socialist Bloc,English,4,3,8,129,Greece,Western Europe,Away,Away,124,0,0,,,,8,12,0,8,0,10,,0,0,0,10,,3,10,,0,0,8,0,2,0,0,7,0,,7,0,5,0,1,12,,,0,,0,8,0,0,10,8,0
2005,Hungary,Former Socialist Bloc,Hungarian,2,2,12,97,Ukraine,Former Socialist Bloc,Away,Home,13,0,6,,0,,2,2,1,5,6,7,,0,3,0,3,,0,2,,6,0,8,3,0,1,0,0,0,,0,0,10,2,8,3,,,6,,0,5,0,0,6,2,0
2005,United Kingdom,Independent,English,3,3,22,18,Ukraine,Former Socialist Bloc,Away,Away,64,0,0,,0,,0,0,0,0,0,5,,0,0,0,0,,0,0,0,0,8,0,0,0,0,4,0,0,,0,0,0,0,0,0,,,0,,0,0,0,0,1,0,
2005,Malta,Western Europe,English,3,3,2,192,Ukraine,Former Socialist Bloc,Away,Away,18,4,0,,5,,5,8,0,0,4,6,,10,4,8,7,,8,8,5,4,10,10,5,2,0,,0,5,,5,10,0,0,2,12,,,0,,1,7,6,3,8,10,10
2005,Romania,Former Socialist Bloc,English,3,3,3,158,Ukraine,Former Socialist Bloc,Away,Home,19,5,7,,6,,1,7,2,8,0,8,,3,0,0,5,,0,5,10,5,5,12,0,0,2,7,7,4,,3,6,7,12,,0,,,3,,0,12,2,0,4,0,0
2005,Norway,Scandinavia,English,4,2,9,125,Ukraine,Former Socialist Bloc,Away,Away,8,0,2,,0,,4,3,3,1,0,3,,12,8,12,0,,0,4,0,12,4,1,6,5,0,5,3,0,,1,,8,0,0,0,,,2,,4,3,8,0,0,6,5
2005,Turkey,Independent,Turkish,3,3,13,92,Ukraine,Former Socialist Bloc,Away,Away,132,8,0,,7,,0,10,8,3,0,0,,8,0,0,12,,10,0,0,0,0,0,0,0,4,0,0,0,,12,0,0,0,3,0,,,0,,0,0,0,6,,0,1
2005,Moldova,Former Socialist Bloc,"English, Romanian",4,2,6,148,Ukraine,Former Socialist Bloc,Away,Home,35,0,0,,2,,7,1,4,6,1,2,,0,6,0,2,,1,7,4,8,0,4,8,10,5,2,,0,,0,0,3,10,12,10,,,5,,3,4,0,0,7,12,2
2005,Albania,Former Socialist Bloc,English,3,3,16,53,Ukraine,Former Socialist Bloc,Away,Home,131,,0,,3,,0,0,5,0,2,0,,0,0,0,1,,0,10,0,0,0,0,0,0,12,0,0,0,,0,0,0,0,0,0,,,8,,0,0,0,10,2,0,0
2005,Cyprus,Independent,English,4,3,18,46,Ukraine,Former Socialist Bloc,Away,Away,62,7,0,,0,,0,0,0,10,0,,,0,0,0,0,,0,12,0,0,0,0,0,0,0,12,0,0,,0,0,0,0,1,0,,,1,,0,0,0,0,0,0,3
2005,Spain,Western Europe,Spanish,3,2,21,28,Ukraine,Former Socialist Bloc,Away,Away,105,0,12,,0,,0,0,0,0,0,0,,0,0,0,4,,0,0,0,0,0,0,0,0,0,0,0,0,,0,0,0,8,0,0,,,0,,0,,0,4,0,0,0
2005,Israel,Independent,"English, Hebrew",3,3,4,154,Ukraine,Former Socialist Bloc,Away,Away,23,3,8,,1,,8,6,0,0,0,0,,5,1,5,10,,5,0,8,0,6,,2,3,0,8,6,12,,7,5,0,5,7,8,,,0,,0,6,1,1,3,7,7
2005,Serbia and Montenegro,Former Yugoslavia,Montenegrin [3],4,2,7,137,Ukraine,Former Socialist Bloc,Away,Away,61,6,0,,12,,3,0,10,4,12,10,,0,0,0,6,,3,6,2,0,0,0,1,0,10,0,1,6,,4,0,0,0,6,6,,,,,10,0,4,12,0,3,0
2005,Denmark,Scandinavia,English,4,3,10,125,Ukraine,Former Socialist Bloc,Away,Away,31,0,3,,0,,0,4,0,0,0,0,,,5,2,0,,6,0,6,10,7,3,4,4,0,3,0,10,,8,12,5,1,4,0,,,0,,0,10,10,0,0,0,8
2005,Sweden,Scandinavia,English,4,3,19,30,Ukraine,Former Socialist Bloc,Away,Away,63,0,0,,0,,0,0,0,0,0,0,,7,0,6,0,,0,0,0,0,0,0,0,0,6,0,5,3,,0,1,0,0,0,0,,,0,,0,2,,0,0,0,0
2005,Macedonia,Former Yugoslavia,English,4,3,17,52,Ukraine,Former Socialist Bloc,Away,Away,258,10,0,,0,,0,0,7,7,8,0,,0,0,0,0,,0,0,0,0,0,0,0,0,,0,0,1,,0,0,0,0,0,0,,,7,,5,0,0,2,5,0,0
2005,Ukraine,Former Socialist Bloc,"English, Ukrainian",4,2,19,30,Ukraine,Former Socialist Bloc,Home,Home,156,0,0,,0,,0,0,0,0,0,0,,0,0,0,0,,0,0,0,0,0,0,0,0,0,0,8,0,,0,0,12,7,0,2,,,0,,0,1,0,0,0,,0
2005,Germany,Western Europe,English,3,3,24,4,Ukraine,Former Socialist Bloc,Away,Away,224,0,0,,0,,0,0,0,0,0,0,,0,0,0,0,,,0,0,0,0,0,0,0,0,0,2,2,,0,0,0,0,0,0,,,0,,0,0,0,0,0,0,0
2005,Croatia,Former Yugoslavia,Croatian,4,3,11,115,Ukraine,Former Socialist Bloc,Away,Away,103,2,0,,8,,0,0,12,2,,0,,0,2,1,0,,2,0,7,1,0,0,7,6,8,0,0,7,,2,2,2,0,5,1,,,10,,12,0,0,8,0,8,0
2005,Greece,Western Europe,English,3,3,1,230,Ukraine,Former Socialist Bloc,Away,Away,2,12,4,,4,,0,12,6,12,5,12,,2,0,3,8,,12,,12,2,2,7,0,1,7,6,4,0,,10,4,1,3,10,4,,,12,,2,8,12,7,12,0,12
2005,Russia,Former Socialist Bloc,English,3,3,15,57,Ukraine,Former Socialist Bloc,Away,Home,97,0,0,,0,,12,0,0,0,0,0,,0,7,7,0,,0,0,0,0,0,0,10,7,0,0,10,0,,0,0,0,0,0,,,,0,,0,0,0,0,0,4,0
2005,Bosnia and Herzegovina,Former Yugoslavia,English,3,2,14,79,Ukraine,Former Socialist Bloc,Away,Away,17,0,0,,10,,0,0,,0,10,0,,4,0,0,0,,0,0,0,0,1,0,0,0,3,0,0,0,,6,7,0,0,0,0,,,4,,8,0,7,5,10,0,4
2005,Switzerland,Western Europe,English,3,2,8,128,Ukraine,Former Socialist Bloc,Away,Away,13,0,1,,0,,10,0,0,0,3,4,,1,12,10,0,,4,3,3,7,3,2,12,8,0,1,0,8,,0,3,6,4,0,7,,,0,,6,0,5,,0,5,0
2005,Latvia,Former Socialist Bloc,English,4,2,5,153,Ukraine,Former Socialist Bloc,Away,Home,21,0,10,,0,,6,5,0,0,7,1,,6,10,4,0,,7,1,1,3,12,6,,12,0,10,12,0,,0,8,4,6,0,5,,,0,,7,0,3,0,0,1,6
2005,France,Western Europe,French,3,3,23,11,Ukraine,Former Socialist Bloc,Away,Away,246,1,5,,0,,0,0,0,0,0,0,,0,0,0,,,0,0,0,0,0,5,0,0,0,0,0,0,,0,0,0,0,0,0,,,0,,0,0,0,0,0,0,0
2004,Spain,Western Europe,Spanish,4,3,10,87,Turkey,Independent,Away,Away,87,0,12,,0,,2,7,0,,0,7,,0,0,0,8,,2,3,,1,0,8,0,0,1,3,,3,,4,0,1,12,5,0,,,0,,0,,0,6,2,0,0
2004,Austria,Western Europe,German,4,2,21,9,Turkey,Independent,Away,Away,371,0,0,,,,0,0,0,,0,0,,0,0,0,4,,0,5,,0,0,0,0,0,0,0,,0,,0,0,0,0,0,0,,,0,,0,0,0,0,0,0,0
2004,Norway,Scandinavia,English,4,3,24,3,Turkey,Independent,Away,Away,118,0,0,,0,,0,0,0,,0,0,,0,0,0,0,,0,0,,0,0,0,0,0,0,0,,0,,0,,0,0,0,0,,,0,,0,0,3,0,0,0,0
2004,France,Western Europe,"French, Spanish",4,3,15,40,Turkey,Independent,Away,Away,110,1,7,,0,,0,10,0,,0,0,,0,0,0,,,0,0,,0,0,0,0,0,0,0,,12,,0,0,0,2,0,4,,,0,,0,4,0,0,0,0,0
2004,Serbia and Montenegro,Former Yugoslavia,Serbian,4,3,2,263,Turkey,Independent,Away,Away,7,7,2,,12,,7,3,12,,12,10,,7,1,10,10,,10,8,,7,3,7,5,2,10,6,,1,,10,6,5,7,8,10,,,,,12,6,12,12,8,12,3
2004,Malta,Western Europe,English,2,2,12,50,Turkey,Independent,Away,Away,35,3,6,,0,,0,0,1,,2,0,,1,6,0,0,,0,1,,0,6,4,6,4,3,,,0,,0,0,3,1,0,0,,,0,,0,0,0,0,0,1,2
2004,Netherlands,Western Europe,English,4,2,20,11,Turkey,Independent,Away,Away,137,0,0,,0,,0,6,0,,0,0,,0,3,0,0,,0,0,,0,0,0,0,0,0,2,,0,,,0,0,0,0,0,,,0,,0,0,0,0,0,0,0
2004,Germany,Western Europe,"English, Turkish",4,3,8,93,Turkey,Independent,Away,Away,16,2,0,,10,,0,0,3,,1,0,,0,2,0,7,,,0,,0,4,0,0,1,0,0,,7,,3,1,6,8,4,0,,,0,,3,12,0,10,5,0,4
2004,Albania,Former Socialist Bloc,English,3,3,7,106,Turkey,Independent,Away,Away,42,,0,,5,,0,1,4,,6,0,,4,0,3,1,,5,10,,4,2,0,1,0,12,10,,0,,1,3,0,0,1,0,,,8,,4,0,7,7,6,0,1
2004,Ukraine,Former Socialist Bloc,"English, Ukrainian",3,3,1,280,Turkey,Independent,Away,Away,2,5,10,,4,,10,5,6,,8,8,,5,12,8,2,,6,7,,12,7,12,12,12,8,8,,6,,7,7,12,10,6,12,,,10,,8,8,10,0,12,,5
2004,Croatia,Former Yugoslavia,English,4,3,12,50,Turkey,Independent,Away,Away,223,0,0,,3,,5,0,10,,,0,,0,0,1,0,,1,0,,0,0,0,0,0,5,0,,0,,0,0,0,0,0,5,,,5,,5,0,0,3,0,7,0
2004,Bosnia and Herzegovina,Former Yugoslavia,English,4,3,9,91,Turkey,Independent,Away,Away,64,10,0,,7,,0,0,,,10,0,,8,0,0,0,,0,0,,0,0,0,0,0,4,0,,4,,2,10,0,0,0,0,,,6,,10,0,8,5,7,0,0
2004,Belgium,Western Europe,English,3,3,22,7,Turkey,Independent,Away,Away,15,0,1,,0,,0,,0,,0,1,,0,0,0,0,,0,0,,0,0,0,0,0,0,0,,0,,5,0,0,0,0,0,,,0,,0,0,0,0,0,0,0
2004,Russia,Former Socialist Bloc,English,3,3,11,67,Turkey,Independent,Away,Away,43,0,0,,0,,12,0,0,,0,6,,0,8,4,0,,0,2,,0,0,6,10,8,0,0,,0,,0,0,0,0,0,,,,1,,0,0,0,0,0,10,0
2004,Macedonia,Former Yugoslavia,English,4,3,14,47,Turkey,Independent,Away,Away,222,6,0,,0,,0,0,8,,5,0,,0,0,0,0,,0,0,,0,0,0,0,0,,1,,0,,0,0,0,0,0,0,,,12,,7,0,0,1,4,3,0
2004,Greece,Western Europe,English,4,3,3,252,Turkey,Independent,Away,Away,5,12,8,,2,,6,8,5,,7,12,,3,5,6,6,,7,,,6,5,10,7,10,7,12,,10,,6,2,7,6,12,7,,,7,,6,7,4,4,10,8,12
2004,Iceland,Scandinavia,English,4,3,19,16,Turkey,Independent,Away,Away,68,0,0,,0,,0,0,0,,0,0,,2,0,2,0,,0,0,,,0,0,0,0,0,0,,5,,0,5,0,0,0,2,,,0,,0,0,0,0,0,0,0
2004,Ireland,Independent,English,4,3,22,7,Turkey,Independent,Away,Away,22,0,0,,0,,0,0,0,,0,0,,0,0,0,0,,0,0,,0,,0,0,0,0,0,,0,,0,0,0,0,0,0,,,0,,0,0,0,0,0,0,7
2004,Poland,Former Socialist Bloc,"English, Spanish",2,2,17,27,Turkey,Independent,Away,Away,54,0,0,,0,,0,0,0,,0,2,,0,0,0,0,,4,4,,3,0,0,0,7,0,0,,0,,0,0,,0,0,0,,,0,,0,1,1,0,0,5,0
2004,United Kingdom,Independent,English,4,3,16,29,Turkey,Independent,Away,Away,48,0,0,,0,,1,0,0,,0,0,,0,4,0,0,,0,0,,2,8,0,3,0,0,4,,0,,0,0,2,0,2,1,,,0,,0,0,2,0,0,0,
2004,Cyprus,Independent,English,3,3,5,170,Turkey,Independent,Away,Away,10,0,4,,6,,8,4,0,,4,,,6,7,7,5,,8,12,,10,10,3,4,5,0,7,,2,,8,4,4,3,3,6,,,3,,1,3,6,2,1,4,10
2004,Turkey,Independent,English,4,2,4,195,Turkey,Independent,Home,Home,31,8,3,,8,,3,12,7,,3,4,,10,0,5,12,,12,6,,5,1,2,2,3,6,0,,8,,12,8,8,0,10,8,,,2,,0,2,5,8,,6,6
2004,Romania,Former Socialist Bloc,English,3,3,18,18,Turkey,Independent,Away,Away,69,0,0,,0,,0,0,0,,0,3,,0,0,0,0,,0,0,,0,0,1,0,0,0,0,,0,,0,0,0,4,,0,,,0,,0,10,0,0,0,0,0
2004,Sweden,Scandinavia,English,3,3,5,170,Turkey,Independent,Away,Away,11,4,5,,1,,4,2,2,,0,5,,12,10,12,3,,3,0,,8,12,5,8,6,2,5,,0,,0,12,10,5,7,3,,,4,,2,5,,0,3,2,8
2003,Iceland,Scandinavia,English,Unknown,Unknown,8,81,Latvia,Former Socialist Bloc,Away,Away,NA,,,,0,,,3,0,,6,5,,,1,,1,,1,0,,,7,0,3,,,12,,,,6,12,1,0,0,0,,,,,4,0,7,,8,4,0
2003,Austria,Western Europe,Styrian,Unknown,Unknown,6,101,Latvia,Former Socialist Bloc,Away,Away,NA,,,,,,,2,5,,5,4,,,6,,0,,2,2,,10,0,0,4,,,0,,,,8,8,0,10,0,0,,,,,7,8,6,,6,0,8
2003,Ireland,Independent,English,Unknown,Unknown,11,53,Latvia,Former Socialist Bloc,Away,Away,NA,,,,0,,,1,0,,4,7,,,0,,0,,0,0,,2,,0,1,,,5,,,,0,6,0,7,0,0,,,,,2,0,0,,5,1,12
2003,Turkey,Independent,English,Unknown,Unknown,1,167,Latvia,Former Socialist Bloc,Away,Away,NA,,,,12,,,12,12,,10,8,,,0,,10,,10,7,,3,0,7,0,,,4,,,,12,10,2,8,10,0,,,,,10,3,8,,,2,7
2003,Malta,Western Europe,English,Unknown,Unknown,25,4,Latvia,Former Socialist Bloc,Away,Away,NA,,,,0,,,0,0,,0,0,,,0,,0,,0,0,,0,3,0,0,,,,,,,0,0,0,1,0,0,,,,,0,0,0,,0,0,0
2003,Bosnia and Herzegovina,Former Yugoslavia,"Croatian, English",Unknown,Unknown,16,27,Latvia,Former Socialist Bloc,Away,Away,NA,,,,7,,,0,,,8,0,,,0,,0,,0,0,,0,0,0,0,,,0,,,,0,0,0,0,0,0,,,,,0,0,0,,12,0,0
2003,Portugal,Western Europe,"Portuguese, English",Unknown,Unknown,22,13,Latvia,Former Socialist Bloc,Away,Away,NA,,,,0,,,0,0,,0,0,,,0,,6,,0,0,,0,2,0,0,,,0,,,,0,0,0,,0,0,,,,,0,2,0,,0,3,0
2003,Croatia,Former Yugoslavia,"Croatian, English",Unknown,Unknown,15,29,Latvia,Former Socialist Bloc,Away,Away,NA,,,,5,,,0,6,,,0,,,0,,0,,0,1,,0,6,0,0,,,0,,,,0,0,0,0,0,0,,,,,8,0,0,,3,0,0
2003,Cyprus,Independent,English,Unknown,Unknown,20,15,Latvia,Former Socialist Bloc,Away,Away,NA,,,,0,,,0,0,,0,,,,0,,0,,0,12,,0,0,1,0,,,2,,,,0,0,0,0,0,0,,,,,0,0,0,,0,0,0
2003,Germany,Western Europe,English,Unknown,Unknown,11,53,Latvia,Former Socialist Bloc,Away,Away,NA,,,,1,,,0,0,,0,0,,,2,,0,,,0,,8,4,0,2,,,3,,,,2,0,5,0,1,7,,,,,0,4,10,,0,0,4
2003,Russia,Former Socialist Bloc,Russian,Unknown,Unknown,3,164,Latvia,Former Socialist Bloc,Away,Home,NA,,,,8,,,7,3,,12,10,,,12,,7,,8,10,,4,0,10,12,,,1,,,,1,2,4,4,7,,,,,,12,6,2,,10,12,0
2003,Spain,Western Europe,Spanish,Unknown,Unknown,8,81,Latvia,Former Socialist Bloc,Away,Away,NA,,,,0,,,10,0,,7,6,,,0,,0,,0,5,,6,0,12,0,,,0,,,,5,0,0,12,5,6,,,,,1,,4,,2,0,0
2003,Israel,Independent,"English, Hebrew",Unknown,Unknown,19,17,Latvia,Former Socialist Bloc,Away,Away,NA,,,,0,,,0,0,,0,0,,,0,,8,,0,3,,0,0,,0,,,0,,,,0,0,0,0,0,5,,,,,0,1,0,,0,0,0
2003,Netherlands,Western Europe,English,Unknown,Unknown,13,45,Latvia,Former Socialist Bloc,Away,Away,NA,,,,0,,,8,2,,0,0,,,0,,0,,0,0,,0,5,2,0,,,7,,,,,5,0,0,0,10,,,,,0,0,5,,0,0,1
2003,United Kingdom,Independent,English,Unknown,Unknown,26,0,Latvia,Former Socialist Bloc,Away,Away,NA,,,,0,,,0,0,,0,0,,,0,,0,,0,0,,0,0,0,0,,,0,,,,0,0,0,0,0,0,,,,,0,0,0,,0,0,
2003,Ukraine,Former Socialist Bloc,English,Unknown,Unknown,14,30,Latvia,Former Socialist Bloc,Away,Home,NA,,,,0,,,0,0,,0,0,,,3,,0,,0,0,,0,0,4,5,,,0,,,,0,0,10,0,0,8,,,,,0,0,0,,0,,0
2003,Greece,Western Europe,English,Unknown,Unknown,17,25,Latvia,Former Socialist Bloc,Away,Away,NA,,,,0,,,0,0,,0,12,,,0,,0,,5,,,0,1,0,0,,,0,,,,0,0,0,0,2,1,,,,,0,0,0,,4,0,0
2003,Norway,Scandinavia,English,Unknown,Unknown,4,123,Latvia,Former Socialist Bloc,Away,Away,NA,,,,2,,,6,0,,0,0,,,10,,3,,7,0,,12,12,3,7,,,6,,,,7,,6,5,3,4,,,,,5,0,12,,0,7,6
2003,France,Western Europe,French,Unknown,Unknown,18,19,Latvia,Former Socialist Bloc,Away,Away,NA,,,,0,,,0,8,,0,0,,,0,,,,0,0,,0,0,0,0,,,0,,,,0,0,3,2,6,0,,,,,0,0,0,,0,0,0
2003,Poland,Former Socialist Bloc,"German, Polish, Russian",Unknown,Unknown,7,90,Latvia,Former Socialist Bloc,Away,Home,NA,,,,10,,,5,0,,0,0,,,4,,5,,12,6,,0,0,0,8,,,10,,,,4,4,,0,4,0,,,,,0,5,3,,0,8,2
2003,Latvia,Former Socialist Bloc,English,Unknown,Unknown,24,5,Latvia,Former Socialist Bloc,Home,Home,NA,,,,0,,,0,0,,0,0,,,5,,0,,0,0,,0,0,0,,,,0,,,,0,0,0,0,0,0,,,,,0,0,0,,0,0,0
2003,Belgium,Western Europe,Imaginary,Unknown,Unknown,2,165,Latvia,Former Socialist Bloc,Away,Away,NA,,,,4,,,,10,,0,3,,,8,,12,,6,8,,7,10,8,10,,,0,,,,10,3,12,6,8,3,,,,,3,12,0,,7,10,5
2003,Estonia,Former Socialist Bloc,English,Unknown,Unknown,21,14,Latvia,Former Socialist Bloc,Away,Home,NA,,,,0,,,0,0,,0,0,,,,,0,,0,0,,1,8,0,0,,,0,,,,0,0,0,0,0,2,,,,,0,0,0,,0,0,3
2003,Romania,Former Socialist Bloc,English,Unknown,Unknown,10,73,Latvia,Former Socialist Bloc,Away,Home,NA,,,,6,,,0,7,,1,2,,,0,,4,,4,4,,0,0,6,0,,,0,,,,0,1,8,0,,12,,,,,0,10,1,,1,6,0
2003,Sweden,Scandinavia,English,Unknown,Unknown,5,107,Latvia,Former Socialist Bloc,Away,Away,NA,,,,3,,,4,1,,2,1,,,7,,2,,3,0,,5,0,5,6,,,8,,,,3,7,7,3,12,0,,,,,6,7,,,0,5,10
2003,Slovenia,Former Yugoslavia,English,Unknown,Unknown,23,7,Latvia,Former Socialist Bloc,Away,Away,NA,,,,0,,,0,4,,3,0,,,0,,0,,0,0,,0,0,0,0,,,0,,,,0,0,0,0,0,0,,,,,,0,0,,0,0,0
2002,Cyprus,Independent,English,Unknown,Unknown,6,85,Estonia,Former Socialist Bloc,Away,Away,NA,,,,0,,,3,0,,10,,,0,4,4,0,,0,12,,,,0,8,4,0,12,,,,,,,,8,6,,,,,4,6,1,0,0,,3
2002,United Kingdom,Independent,English,Unknown,Unknown,3,111,Estonia,Former Socialist Bloc,Away,Away,NA,,,,12,,,6,7,,0,0,,6,6,8,1,,8,7,,,,5,5,8,4,10,,,,,,,,0,0,,,,,8,0,2,6,2,,
2002,Austria,Western Europe,English,Unknown,Unknown,18,26,Estonia,Former Socialist Bloc,Away,Away,NA,,,,,,,5,0,,0,1,,0,0,0,0,,0,0,,,,0,0,0,0,0,,,,,,,,0,1,,,,,0,0,0,7,12,,0
2002,Greece,Western Europe,English,Unknown,Unknown,17,27,Estonia,Former Socialist Bloc,Away,Away,NA,,,,0,,,0,0,,1,12,,0,0,0,0,,0,,,,,0,0,0,0,0,,,,,,,,6,8,,,,,0,0,0,0,0,,0
2002,Spain,Western Europe,Spanish,Unknown,Unknown,7,81,Estonia,Former Socialist Bloc,Away,Away,NA,,,,0,,,12,6,,6,7,,0,0,0,12,,7,4,,,,6,0,0,0,0,,,,,,,,0,0,,,,,0,,7,12,0,,2
2002,Croatia,Former Yugoslavia,English,Unknown,Unknown,11,44,Estonia,Former Socialist Bloc,Away,Away,NA,,,,6,,,0,2,,,6,,0,0,0,0,,3,5,,,,0,0,0,5,0,,,,,,,,0,0,,,,,12,0,0,5,0,,0
2002,Russia,Former Socialist Bloc,English,Unknown,Unknown,10,55,Estonia,Former Socialist Bloc,Away,Home,NA,,,,0,,,0,0,,0,5,,0,10,3,0,,0,2,,,,1,10,6,0,8,,,,,,,,10,,,,,,0,0,0,0,0,,0
2002,Estonia,Former Socialist Bloc,English,Unknown,Unknown,3,111,Estonia,Former Socialist Bloc,Home,Home,NA,,,,3,,,4,10,,5,0,,8,,10,0,,4,0,,,,2,12,7,6,2,,,,,,,,2,3,,,,,6,0,12,0,8,,7
2002,Macedonia,Former Yugoslavia,Macedonian,Unknown,Unknown,19,25,Estonia,Former Socialist Bloc,Away,Away,NA,,,,0,,,0,0,,4,3,,0,0,1,0,,0,0,,,,0,0,0,,5,,,,,,,,12,0,,,,,0,0,0,0,0,,0
2002,Israel,Independent,"Hebrew, English",Unknown,Unknown,12,37,Estonia,Former Socialist Bloc,Away,Away,NA,,,,0,,,2,0,,0,0,,1,0,5,10,,5,0,,,,,3,0,0,0,,,,,,,,5,0,,,,,0,0,0,1,0,,5
2002,Switzerland,Western Europe,French,Unknown,Unknown,22,15,Estonia,Former Socialist Bloc,Away,Away,NA,,,,5,,,0,0,,0,0,,0,0,0,3,,2,0,,,,0,1,0,0,0,,,,,,,,3,0,,,,,1,0,0,,0,,0
2002,Sweden,Scandinavia,English,Unknown,Unknown,8,72,Estonia,Former Socialist Bloc,Away,Away,NA,,,,4,,,1,12,,0,0,,10,8,7,0,,0,1,,,,3,4,10,0,0,,,,,,,,0,0,,,,,7,0,,0,4,,1
2002,Finland ,Scandinavia,English,Unknown,Unknown,20,24,Estonia,Former Socialist Bloc,Away,Away,NA,,,,0,,,0,3,,0,2,,3,5,,0,,0,0,,,,0,0,0,1,0,,,,,,,,0,0,,,,,0,0,10,0,0,,0
2002,Denmark,Scandinavia,English,Unknown,Unknown,24,7,Estonia,Former Socialist Bloc,Away,Away,NA,,,,0,,,0,0,,0,0,,,0,0,0,,0,0,,,,4,0,1,0,1,,,,,,,,0,0,,,,,0,0,0,0,1,,0
2002,Bosnia and Herzegovina,Former Yugoslavia,"Serbian, English",Unknown,Unknown,13,33,Estonia,Former Socialist Bloc,Away,Away,NA,,,,7,,,0,,,7,0,,2,0,0,0,,0,0,,,,0,0,0,3,3,,,,,,,,0,0,,,,,2,3,6,0,0,,0
2002,Belgium,Western Europe,English,Unknown,Unknown,13,33,Estonia,Former Socialist Bloc,Away,Away,NA,,,,0,,,,0,,0,0,,4,0,0,2,,0,0,,,,0,0,2,0,0,,,,,,,,0,7,,,,,0,1,3,0,10,,4
2002,France,Western Europe,French,Unknown,Unknown,5,104,Estonia,Former Socialist Bloc,Away,Away,NA,,,,0,,,10,8,,0,0,,5,3,12,,,6,3,,,,7,2,5,0,0,,,,,,,,4,0,,,,,3,8,8,10,0,,10
2002,Germany,Western Europe,English,Unknown,Unknown,21,17,Estonia,Former Socialist Bloc,Away,Away,NA,,,,1,,,0,0,,0,0,,0,1,0,0,,,0,,,,0,0,0,0,4,,,,,,,,1,2,,,,,0,2,0,3,3,,0
2002,Turkey,Independent,"Turkish, English",Unknown,Unknown,16,29,Estonia,Former Socialist Bloc,Away,Away,NA,,,,0,,,0,0,,3,0,,0,0,0,7,,0,0,,,,0,0,0,8,0,,,,,,,,7,0,,,,,0,4,0,0,,,0
2002,Malta,Western Europe,English,Unknown,Unknown,2,164,Estonia,Former Socialist Bloc,Away,Away,NA,,,,8,,,7,4,,12,10,,12,7,2,6,,10,6,,,,10,7,3,10,,,,,,,,,0,5,,,,,10,10,4,4,5,,12
2002,Romania,Former Socialist Bloc,English,Unknown,Unknown,9,71,Estonia,Former Socialist Bloc,Away,Home,NA,,,,0,,,0,0,,0,8,,0,0,0,4,,1,8,,,,8,0,0,12,6,,,,,,,,,12,,,,,0,5,0,0,7,,0
2002,Slovenia,Former Yugoslavia,Slovene,Unknown,Unknown,13,33,Estonia,Former Socialist Bloc,Away,Away,NA,,,,2,,,0,1,,8,0,,0,0,0,5,,0,0,,,,0,0,0,2,0,,,,,,,,0,0,,,,,,7,0,2,0,,6
2002,Latvia,Former Socialist Bloc,English,Unknown,Unknown,1,176,Estonia,Former Socialist Bloc,Away,Home,NA,,,,10,,,8,5,,2,4,,7,12,6,8,,12,10,,,,12,,12,7,7,,,,,,,,0,10,,,,,5,12,5,8,6,,8
2002,Lithuania,Former Socialist Bloc,English,Unknown,Unknown,23,12,Estonia,Former Socialist Bloc,Away,Home,NA,,,,0,,,0,0,,0,0,,0,2,0,0,,0,0,,,,0,6,,0,0,,,,,,,,0,4,,,,,0,0,0,0,0,,0
2001,Netherlands,Western Europe,English,Unknown,Unknown,18,16,Denmark,Scandinavia,Away,Away,NA,,,,,,,,0,,0,,,0,0,,0,,0,0,,0,0,5,0,0,,0,,,,,0,0,6,,1,,,,,4,0,0,,0,,0
2001,Iceland,Scandinavia,English,Unknown,Unknown,22,3,Denmark,Scandinavia,Away,Home,NA,,,,,,,,0,,0,,,2,0,,0,,0,0,,,0,0,0,0,,0,,,,0,1,0,0,,0,,,,,0,0,0,,0,,0
2001,Bosnia and Herzegovina,Former Yugoslavia,"Bosnian, English",Unknown,Unknown,14,29,Denmark,Scandinavia,Away,Away,NA,,,,,,,,,,10,,,7,0,,0,,0,0,,0,0,0,0,0,,1,,,,0,0,0,0,,0,,,,,7,0,4,,0,,0
2001,Norway,Scandinavia,English,Unknown,Unknown,22,3,Denmark,Scandinavia,Away,Home,NA,,,,,,,,0,,0,,,0,0,,0,,0,0,,0,0,0,0,0,,0,,,,0,,0,3,,0,,,,,0,0,0,,0,,0
2001,Israel,Independent,Hebrew,Unknown,Unknown,16,25,Denmark,Scandinavia,Away,Away,NA,,,,,,,,6,,0,,,0,0,,10,,0,2,,0,0,,0,0,,0,,,,0,0,0,0,,0,,,,,0,0,0,,7,,0
2001,Russia,Former Socialist Bloc,English,Unknown,Unknown,12,37,Denmark,Scandinavia,Away,Away,NA,,,,,,,,0,,0,,,0,4,,0,,0,5,,5,0,3,8,10,,2,,,,0,0,0,0,,,,,,,0,0,0,,0,,0
2001,Sweden,Scandinavia,English,Unknown,Unknown,5,100,Denmark,Scandinavia,Away,Home,NA,,,,,,,,3,,4,,,10,7,,2,,0,0,,7,8,8,6,2,,8,,,,0,2,5,5,,2,,,,,0,5,,,8,,8
2001,Lithuania,Former Socialist Bloc,"English, Lithuanian",Unknown,Unknown,13,35,Denmark,Scandinavia,Away,Away,NA,,,,,,,,2,,0,,,0,0,,0,,0,0,,1,1,4,5,,,0,,,,5,0,0,0,,10,,,,,2,0,1,,0,,4
2001,Latvia,Former Socialist Bloc,English,Unknown,Unknown,18,16,Denmark,Scandinavia,Away,Away,NA,,,,,,,,0,,0,,,0,8,,0,,0,0,,0,0,0,,8,,0,,,,0,0,0,0,,0,,,,,0,0,0,,0,,0
2001,Croatia,Former Yugoslavia,English,Unknown,Unknown,10,42,Denmark,Scandinavia,Away,Away,NA,,,,,,,,7,,,,,0,0,,0,,3,7,,0,0,0,0,0,,10,,,,0,0,0,0,,0,,,,,5,0,0,,10,,0
2001,Portugal,Western Europe,Portuguese,Unknown,Unknown,17,18,Denmark,Scandinavia,Away,Away,NA,,,,,,,,0,,0,,,0,0,,12,,0,0,,0,0,0,0,0,,0,,,,0,0,0,,,0,,,,,0,6,0,,0,,0
2001,Ireland,Independent,English,Unknown,Unknown,21,6,Denmark,Scandinavia,Away,Away,NA,,,,,,,,0,,0,,,0,0,,0,,0,0,,0,,0,0,0,,0,,,,0,0,0,1,,0,,,,,0,0,0,,0,,5
2001,Spain,Western Europe,Spanish,Unknown,Unknown,6,76,Denmark,Scandinavia,Away,Away,NA,,,,,,,,5,,0,,,0,3,,5,,0,8,,2,3,12,4,0,,0,,,,7,4,1,7,,0,,,,,1,,5,,6,,3
2001,France,Western Europe,"French, English",Unknown,Unknown,4,142,Denmark,Scandinavia,Away,Away,NA,,,,,,,,12,,6,,,6,10,,,,6,4,,4,7,2,7,7,,0,,,,8,7,10,12,,12,,,,,6,3,6,,1,,6
2001,Turkey,Independent,"Turkish, English",Unknown,Unknown,11,41,Denmark,Scandinavia,Away,Away,NA,,,,,,,,0,,7,,,3,0,,7,,7,10,,0,0,0,0,0,,4,,,,3,0,0,0,,0,,,,,0,0,0,,,,0
2001,United Kingdom,Independent,English,Unknown,Unknown,15,28,Denmark,Scandinavia,Away,Away,NA,,,,,,,,0,,3,,,0,0,,0,,2,0,,0,4,0,3,3,,3,,,,2,0,2,2,,3,,,,,0,1,0,,0,,
2001,Slovenia,Former Yugoslavia,English,Unknown,Unknown,7,70,Denmark,Scandinavia,Away,Away,NA,,,,,,,,10,,8,,,0,5,,1,,4,0,,6,2,1,0,4,,0,,,,4,6,6,0,,4,,,,,,2,7,,0,,0
2001,Poland,Former Socialist Bloc,English,Unknown,Unknown,20,11,Denmark,Scandinavia,Away,Away,NA,,,,,,,,0,,0,,,1,0,,0,,5,0,,0,0,0,0,0,,0,,,,0,0,,0,,0,,,,,3,0,2,,0,,0
2001,Germany,Western Europe,"German, English",Unknown,Unknown,8,66,Denmark,Scandinavia,Away,Away,NA,,,,,,,,0,,1,,,4,1,,6,,,1,,0,6,0,1,0,,5,,,,1,3,4,10,,8,,,,,0,10,0,,3,,2
2001,Estonia,Former Socialist Bloc,English,Unknown,Unknown,1,198,Denmark,Scandinavia,Away,Away,NA,,,,,,,,4,,2,,,8,,,8,,10,12,,10,10,6,12,12,,12,,,,12,10,12,0,,6,,,,,12,8,8,,12,,12
2001,Malta,Western Europe,English,Unknown,Unknown,9,48,Denmark,Scandinavia,Away,Away,NA,,,,,,,,1,,0,,,12,2,,0,,1,3,,3,0,0,0,1,,,,,,0,5,3,0,,7,,,,,0,4,3,,2,,1
2001,Greece,Western Europe,"Greek, English",Unknown,Unknown,3,147,Denmark,Scandinavia,Away,Away,NA,,,,,,,,8,,5,,,5,6,,3,,8,,,8,5,10,2,5,,7,,,,6,8,8,4,,5,,,,,8,12,12,,5,,7
2001,Denmark,Scandinavia,English,Unknown,Unknown,2,177,Denmark,Scandinavia,Home,Home,NA,,,,,,,,0,,12,,,,12,,4,,12,6,,12,12,7,10,6,,6,,,,10,12,7,8,,0,,,,,10,7,10,,4,,10
2000,Israel,Independent,Hebrew,Unknown,Unknown,22,7,Sweden,Scandinavia,Away,Away,NA,,,,0,,,0,,,0,0,,0,0,0,6,,0,,,0,0,,0,,1,0,,,,0,0,,,0,0,,,,,,0,0,0,0,,0
2000,Netherlands,Western Europe,English,Unknown,Unknown,13,40,Sweden,Scandinavia,Away,Away,NA,,,,0,,,8,,,2,5,,0,0,0,2,,1,,,1,1,8,0,,0,5,,,,,0,,,0,0,,,,,,4,0,0,3,,0
2000,United Kingdom,Independent,English,Unknown,Unknown,16,28,Sweden,Scandinavia,Away,Away,NA,,,,0,,,0,,,4,3,,0,2,0,0,,0,,,0,0,1,3,,0,6,,,,0,0,,,3,0,,,,,,0,0,0,6,,
2000,Estonia,Former Socialist Bloc,English,Unknown,Unknown,4,98,Sweden,Scandinavia,Away,Away,NA,,,,3,,,2,,,6,6,,4,,8,0,,5,,,5,7,6,10,,0,7,,,,7,4,,,6,0,,,,,,0,6,0,2,,4
2000,France,Western Europe,French,Unknown,Unknown,23,5,Sweden,Scandinavia,Away,Away,NA,,,,0,,,0,,,0,0,,0,0,0,,,0,,,0,0,0,0,,0,0,,,,2,0,,,0,3,,,,,,0,0,0,0,,0
2000,Romania,Former Socialist Bloc,English,Unknown,Unknown,17,25,Sweden,Scandinavia,Away,Away,NA,,,,0,,,0,,,7,0,,0,0,0,0,,0,,,0,0,0,0,,12,0,,,,0,0,,,,6,,,,,,0,0,0,0,,0
2000,Malta,Western Europe,"English, Maltese",Unknown,Unknown,8,73,Sweden,Scandinavia,Away,Away,NA,,,,2,,,1,,,8,8,,3,1,0,0,,3,,,0,3,3,4,,8,,,,,1,2,,,7,8,,,,,,1,3,0,5,,2
2000,Norway,Scandinavia,English,Unknown,Unknown,11,57,Sweden,Scandinavia,Away,Home,NA,,,,0,,,0,,,0,0,,7,3,0,0,,0,,,7,4,7,6,,0,3,,,,0,,,,0,0,,,,,,0,7,0,10,,3
2000,Russia,Former Socialist Bloc,English,Unknown,Unknown,2,155,Sweden,Scandinavia,Away,Away,NA,,,,7,,,7,,,12,12,,6,10,5,5,,4,,,8,10,10,0,,7,12,,,,0,8,,,12,,,,,,,5,5,2,0,,8
2000,Belgium,Western Europe,French,Unknown,Unknown,24,2,Sweden,Scandinavia,Away,Away,NA,,,,0,,,,,,0,0,,0,0,0,0,,0,,,0,0,0,0,,2,0,,,,0,0,,,0,0,,,,,,0,0,0,0,,0
2000,Cyprus,Independent,"Greek, Italian",Unknown,Unknown,21,8,Sweden,Scandinavia,Away,Away,NA,,,,0,,,0,,,3,,,0,0,0,0,,0,,,0,0,0,0,,4,1,,,,0,0,,,0,0,,,,,,0,0,0,0,,0
2000,Iceland,Scandinavia,English,Unknown,Unknown,12,45,Sweden,Scandinavia,Away,Home,NA,,,,0,,,0,,,0,0,,12,6,0,0,,0,,,,0,5,7,,0,0,,,,0,7,,,0,0,,,,,,0,8,0,0,,0
2000,Spain,Western Europe,Spanish,Unknown,Unknown,18,18,Sweden,Scandinavia,Away,Away,NA,,,,0,,,0,,,0,10,,0,0,0,0,,0,,,0,0,0,0,,0,0,,,,0,0,,,5,2,,,,,,,0,1,0,,0
2000,Denmark,Scandinavia,English,Unknown,Unknown,1,195,Sweden,Scandinavia,Away,Home,NA,,,,10,,,10,,,0,4,,,8,10,7,,12,,,12,12,12,12,,0,8,,,,10,10,,,1,12,,,,,,10,12,10,1,,12
2000,Germany,Western Europe,German,Unknown,Unknown,5,96,Sweden,Scandinavia,Away,Away,NA,,,,12,,,6,,,1,0,,2,0,2,10,,,,,6,5,0,8,,0,0,,,,8,3,,,0,4,,,,,,12,0,12,0,,5
2000,Switzerland,Western Europe,Italian,Unknown,Unknown,20,14,Sweden,Scandinavia,Away,Away,NA,,,,1,,,0,,,0,0,,0,0,0,0,,0,,,0,0,0,2,,0,0,,,,6,0,,,0,5,,,,,,0,0,,0,,0
2000,Croatia,Former Yugoslavia,Croatian,Unknown,Unknown,9,70,Sweden,Scandinavia,Away,Away,NA,,,,6,,,0,,,,0,,0,0,6,8,,6,,,0,0,0,0,,10,0,,,,0,0,,,8,10,,,,,,2,0,6,8,,0
2000,Sweden,Scandinavia,English,Unknown,Unknown,7,88,Sweden,Scandinavia,Home,Home,NA,,,,0,,,5,,,0,0,,10,5,7,1,,8,,,4,6,0,0,,6,4,,,,0,5,,,0,0,,,,,,6,,3,12,,6
2000,Macedonia,Former Yugoslavia,"Macedonian, English",Unknown,Unknown,15,29,Sweden,Scandinavia,Away,Away,NA,,,,0,,,0,,,10,2,,0,0,0,0,,0,,,0,0,0,0,,,0,,,,0,0,,,10,7,,,,,,0,0,0,0,,0
2000,Finland,Independent,English,Unknown,Unknown,18,18,Sweden,Scandinavia,Away,Away,NA,,,,0,,,0,,,0,0,,0,7,,0,,0,,,0,0,0,0,,0,0,,,,5,0,,,4,0,,,,,,0,2,0,0,,0
2000,Latvia,Former Socialist Bloc,English,Unknown,Unknown,3,136,Sweden,Scandinavia,Away,Away,NA,,,,8,,,12,,,0,1,,8,12,12,3,,7,,,10,8,4,,,3,0,,,,4,12,,,0,1,,,,,,7,10,7,0,,7
2000,Turkey,Independent,"Turkish, English",Unknown,Unknown,10,59,Sweden,Scandinavia,Away,Away,NA,,,,5,,,3,,,0,0,,1,0,4,12,,10,,,0,0,0,0,,5,0,,,,12,1,,,0,0,,,,,,0,1,5,,,0
2000,Ireland,Independent,English,Unknown,Unknown,6,92,Sweden,Scandinavia,Away,Away,NA,,,,4,,,4,,,5,7,,5,4,1,4,,0,,,2,,2,1,,0,10,,,,3,6,,,2,0,,,,,,3,4,8,7,,10
2000,Austria,Western Europe,English,Unknown,Unknown,14,34,Sweden,Scandinavia,Away,Away,NA,,,,,,,0,,,0,0,,0,0,3,0,,2,,,3,2,0,5,,0,2,,,,0,0,,,0,0,,,,,,8,0,4,4,,1
1999,Lithuania,Former Socialist Bloc,Samogitian,Unknown,Unknown,20,13,Israel,Independent,Away,Away,NA,,,,0,,,0,0,,2,5,,0,2,,0,,0,,,0,0,3,,,,1,,,,0,0,0,0,,,,,,,0,0,0,,0,,0
1999,Belgium,Western Europe,English,Unknown,Unknown,13,38,Israel,Independent,Away,Away,NA,,,,0,,,,0,,4,0,,0,5,,2,,0,,,0,10,5,,0,,0,,,,10,0,2,0,,,,,,,0,0,0,,0,,0
1999,Spain,Western Europe,Spanish,Unknown,Unknown,23,1,Israel,Independent,Away,Away,NA,,,,0,,,0,0,,1,0,,0,0,,0,,0,,,0,0,0,,0,,0,,,,0,0,0,0,,,,,,,0,,0,,0,,0
1999,Croatia,Former Yugoslavia,Croatian,Unknown,Unknown,4,118,Israel,Independent,Away,Away,NA,,,,8,,,5,8,,,2,,0,3,,7,,10,,,4,6,7,,6,,5,,,,1,0,7,6,,,,,,,12,12,1,,8,,0
1999,United Kingdom,Independent,English,Unknown,Unknown,12,38,Israel,Independent,Away,Away,NA,,,,0,,,0,1,,5,4,,1,0,,0,,0,,,0,0,4,,5,,8,,,,0,0,0,0,,,,,,,2,4,0,,4,,
1999,Slovenia,Former Yugoslavia,English,Unknown,Unknown,11,50,Israel,Independent,Away,Away,NA,,,,0,,,2,5,,12,0,,0,0,,1,,0,,,0,12,0,,10,,0,,,,6,0,0,0,,,,,,,,2,0,,0,,0
1999,Turkey,Independent,Turkish,Unknown,Unknown,16,21,Israel,Independent,Away,Away,NA,,,,0,,,0,0,,0,0,,0,0,,5,,12,,,0,0,0,,0,,0,,,,0,4,0,0,,,,,,,0,0,0,,,,0
1999,Norway,Scandinavia,English,Unknown,Unknown,14,35,Israel,Independent,Away,Away,NA,,,,0,,,0,0,,7,7,,6,0,,0,,0,,,7,3,0,,0,,0,,,,0,,0,0,,,,,,,0,0,5,,0,,0
1999,Denmark,Scandinavia,English,Unknown,Unknown,8,71,Israel,Independent,Away,Away,NA,,,,5,,,0,0,,0,8,,,6,,0,,0,,,12,7,2,,0,,4,,,,0,0,1,3,,,,,,,5,5,8,,0,,5
1999,France,Western Europe,French,Unknown,Unknown,19,14,Israel,Independent,Away,Away,NA,,,,0,,,0,0,,0,0,,0,0,,,,0,,,0,2,0,,2,,0,,,,0,8,0,0,,,,,,,0,0,0,,2,,0
1999,Netherlands,Western Europe,English,Unknown,Unknown,8,71,Israel,Independent,Away,Away,NA,,,,4,,,12,4,,0,0,,7,0,,0,,0,,,6,1,6,,4,,2,,,,,0,0,2,,,,,,,3,3,4,,5,,8
1999,Poland,Former Socialist Bloc,Polish,Unknown,Unknown,18,17,Israel,Independent,Away,Away,NA,,,,0,,,0,6,,0,0,,0,0,,0,,4,,,0,0,0,,7,,0,,,,0,0,,0,,,,,,,0,0,0,,0,,0
1999,Iceland,Scandinavia,English,Unknown,Unknown,2,146,Israel,Independent,Away,Away,NA,,,,2,,,8,0,,0,12,,12,10,,0,,3,,,,4,10,,8,,10,,,,7,10,4,4,,,,,,,0,10,12,,10,,10
1999,Cyprus,Independent,Greek,Unknown,Unknown,22,2,Israel,Independent,Away,Away,NA,,,,0,,,0,0,,0,,,0,0,,0,,0,,,0,0,0,,0,,0,,,,0,0,0,0,,,,,,,0,0,0,,0,,2
1999,Sweden,Scandinavia,English,Unknown,Unknown,1,163,Israel,Independent,Away,Away,NA,,,,6,,,7,12,,0,6,,10,12,,3,,2,,,10,5,8,,3,,12,,,,8,12,6,10,,,,,,,7,6,,,6,,12
1999,Portugal,Western Europe,Portuguese,Unknown,Unknown,21,12,Israel,Independent,Away,Away,NA,,,,0,,,0,0,,0,0,,0,0,,12,,0,,,0,0,0,,0,,0,,,,0,0,0,,,,,,,,0,0,0,,0,,0
1999,Ireland,Independent,English,Unknown,Unknown,17,18,Israel,Independent,Away,Away,NA,,,,0,,,0,0,,0,0,,0,0,,0,,0,,,0,,0,,12,,0,,,,0,1,0,0,,,,,,,0,0,0,,1,,4
1999,Austria,Western Europe,English,Unknown,Unknown,10,65,Israel,Independent,Away,Away,NA,,,,,,,6,0,,0,1,,3,8,,0,,5,,,8,0,0,,0,,0,,,,2,6,3,5,,,,,,,4,0,7,,0,,7
1999,Israel,Independent,"English, Hebrew",Unknown,Unknown,5,93,Israel,Independent,Home,Home,NA,,,,1,,,3,2,,8,10,,2,4,,10,,7,,,1,0,,,0,,6,,,,4,2,10,8,,,,,,,1,8,3,,3,,0
1999,Malta,Western Europe,English,Unknown,Unknown,15,32,Israel,Independent,Away,Away,NA,,,,7,,,0,7,,6,3,,0,1,,0,,1,,,0,0,0,,0,,,,,,0,0,0,1,,,,,,,0,0,0,,0,,6
1999,Germany,Western Europe,"German, Turkish, Hebrew, English",Unknown,Unknown,3,140,Israel,Independent,Away,Away,NA,,,,10,,,10,10,,3,0,,5,7,,8,,,,,5,0,12,,0,,3,,,,12,3,12,12,,,,,,,6,7,2,,12,,1
1999,Bosnia and Herzegovina,Former Yugoslavia,"Bosnian, French",Unknown,Unknown,7,86,Israel,Independent,Away,Away,NA,,,,12,,,1,,,10,0,,8,0,,6,,8,,,3,0,0,,0,,0,,,,3,7,5,0,,,,,,,10,0,6,,7,,0
1999,Estonia,Former Socialist Bloc,English,Unknown,Unknown,6,90,Israel,Independent,Away,Away,NA,,,,3,,,4,3,,0,0,,4,,,4,,6,,,2,8,1,,1,,7,,,,5,5,8,7,,,,,,,8,1,10,,0,,3
1998,Croatia,Former Yugoslavia,Croatian,Unknown,Unknown,5,131,United Kingdom,Independent,Away,Away,NA,,,,,,,5,,,,7,,,3,3,8,,10,5,0,,3,10,,,12,10,,,,4,6,6,2,0,,,,,10,12,1,3,5,4,,2
1998,Greece,Western Europe,Greek,Unknown,Unknown,20,12,United Kingdom,Independent,Away,Away,NA,,,,,,,0,,,0,12,,,0,0,0,,0,,0,,0,0,,,0,0,,,,0,0,0,0,0,,,,,0,0,0,0,0,0,,0
1998,France,Western Europe,French,Unknown,Unknown,24,3,United Kingdom,Independent,Away,Away,NA,,,,,,,0,,,0,1,,,0,0,,,0,0,0,,0,0,,,2,0,,,,0,0,0,0,0,,,,,0,0,0,0,0,0,,0
1998,Spain,Western Europe,Spanish,Unknown,Unknown,16,21,United Kingdom,Independent,Away,Away,NA,,,,,,,3,,,1,4,,,0,0,4,,0,0,0,,0,3,,,0,0,,,,0,0,0,0,0,,,,,0,0,,0,6,0,,0
1998,Switzerland,Western Europe,German,Unknown,Unknown,25,0,United Kingdom,Independent,Away,Away,NA,,,,,,,0,,,0,0,,,0,0,0,,0,0,0,,0,0,,,0,0,,,,0,0,0,0,0,,,,,0,0,0,0,,0,,0
1998,Slovakia,Former Socialist Bloc,Slovak,Unknown,Unknown,21,8,United Kingdom,Independent,Away,Away,NA,,,,,,,0,,,8,0,,,0,0,0,,0,0,0,,0,0,,,0,0,,,,0,0,0,0,0,,,,,,0,0,0,0,0,,0
1998,Poland,Former Socialist Bloc,Polish,Unknown,Unknown,17,19,United Kingdom,Independent,Away,Away,NA,,,,,,,0,,,0,0,,,0,0,2,,5,0,2,,0,0,,,0,0,,,,0,0,,0,10,,,,,0,0,0,0,0,0,,0
1998,Israel,Independent,Hebrew,Unknown,Unknown,1,172,United Kingdom,Independent,Away,Away,NA,,,,,,,10,,,0,10,,,7,10,12,,7,10,0,,6,,,,8,12,,,,6,3,10,12,7,,,,,0,7,10,5,10,5,,5
1998,Germany,Western Europe,German,Unknown,Unknown,7,86,United Kingdom,Independent,Away,Away,NA,,,,,,,7,,,0,0,,,1,1,0,,,3,0,,8,0,,,0,0,,,,12,0,0,10,6,,,,,0,8,12,0,12,0,,6
1998,Malta,Western Europe,English,Unknown,Unknown,3,165,United Kingdom,Independent,Away,Away,NA,,,,,,,8,,,7,5,,,5,5,6,,8,6,7,,12,7,,,0,,,,,8,12,8,5,0,,,,,12,3,5,6,8,10,,12
1998,Hungary,Former Socialist Bloc,Hungarian,Unknown,Unknown,23,4,United Kingdom,Independent,Away,Away,NA,,,,,,,0,,,0,0,,,0,0,1,,0,0,,,0,0,,,0,0,,,,0,2,0,0,1,,,,,0,0,0,0,0,0,,0
1998,Slovenia,Former Yugoslavia,Slovene,Unknown,Unknown,18,17,United Kingdom,Independent,Away,Away,NA,,,,,,,0,,,3,0,,,0,4,0,,0,2,0,,0,0,,,0,0,,,,0,0,0,0,5,,,,,0,,0,0,0,3,,0
1998,Ireland,Independent,English,Unknown,Unknown,9,64,United Kingdom,Independent,Away,Away,NA,,,,,,,0,,,2,0,,,2,0,0,,2,0,6,,,0,,,7,6,,,,0,4,2,1,8,,,,,4,1,0,1,2,8,,8
1998,Portugal,Western Europe,Portuguese,Unknown,Unknown,12,36,United Kingdom,Independent,Away,Away,NA,,,,,,,1,,,0,2,,,0,0,10,,0,1,0,,0,2,,,4,2,,,,0,0,0,,0,,,,,2,0,6,0,0,6,,0
1998,Romania,Former Socialist Bloc,Romanian,Unknown,Unknown,22,6,United Kingdom,Independent,Away,Away,NA,,,,,,,0,,,0,0,,,0,0,0,,0,0,0,,0,6,,,0,0,,,,0,0,0,0,,,,,,0,0,0,0,0,0,,0
1998,United Kingdom,Independent,English,Unknown,Unknown,2,166,United Kingdom,Independent,Home,Home,NA,,,,,,,6,,,12,8,,,8,8,3,,1,7,10,,5,12,,,10,8,,,,7,5,7,6,12,,,,,1,5,3,7,3,12,,
1998,Cyprus,Independent,Greek,Unknown,Unknown,11,37,United Kingdom,Independent,Away,Away,NA,,,,,,,2,,,4,,,,0,0,0,,0,12,1,,0,1,,,0,1,,,,0,0,0,4,4,,,,,5,0,0,0,0,0,,3
1998,Netherlands,Western Europe,Dutch,Unknown,Unknown,4,150,United Kingdom,Independent,Away,Away,NA,,,,,,,12,,,10,0,,,0,7,5,,6,8,12,,10,8,,,3,7,,,,,8,5,7,0,,,,,6,0,4,8,7,7,,10
1998,Sweden,Scandinavia,Swedish,Unknown,Unknown,10,53,United Kingdom,Independent,Away,Away,NA,,,,,,,0,,,0,0,,,12,6,0,,0,0,8,,2,0,,,0,4,,,,5,10,3,0,0,,,,,0,0,0,,0,2,,1
1998,Belgium,Western Europe,French,Unknown,Unknown,6,122,United Kingdom,Independent,Away,Away,NA,,,,,,,,,,0,6,,,6,0,7,,4,4,3,,7,5,,,6,3,,,,10,7,12,8,0,,,,,7,6,7,2,4,1,,7
1998,Finland,Independent,Finnish,Unknown,Unknown,15,22,United Kingdom,Independent,Away,Away,NA,,,,,,,0,,,0,0,,,10,,0,,0,0,0,,0,0,,,1,0,,,,0,1,0,0,0,,,,,0,0,0,10,0,0,,0
1998,Norway,Scandinavia,Norwegian,Unknown,Unknown,8,79,United Kingdom,Independent,Away,Away,NA,,,,,,,4,,,0,3,,,4,2,0,,3,0,5,,4,4,,,0,5,,,,3,,4,3,0,,,,,0,10,8,12,1,0,,4
1998,Estonia,Former Socialist Bloc,Estonian,Unknown,Unknown,12,36,United Kingdom,Independent,Away,Away,NA,,,,,,,0,,,0,0,,,,12,0,,0,0,4,,1,0,,,0,0,,,,2,0,1,0,0,,,,,8,2,2,4,0,0,,0
1998,Turkey,Independent,Turkish,Unknown,Unknown,14,25,United Kingdom,Independent,Away,Away,NA,,,,,,,0,,,5,0,,,0,0,0,,12,0,0,,0,0,,,5,0,,,,1,0,0,0,2,,,,,0,0,0,0,0,,,0
1998,Macedonia,Former Yugoslavia,Macedonian,Unknown,Unknown,19,16,United Kingdom,Independent,Away,Away,NA,,,,,,,0,,,6,0,,,0,0,0,,0,0,0,,0,0,,,,0,,,,0,0,0,0,3,,,,,3,4,0,0,0,0,,0
